{
  "Version": 3,
  "Meta": {
    "Duration": 2.6,
    "Fps": 30,
    "Loop": false,
    "AreBeziersRestricted": false,
    "CurveCount": 4,
    "TotalSegmentCount": 272,
    "TotalPointCount": 276,
    "UserDataCount": 0,
    "TotalUserDataSize": 0
  },
  "Curves": [
    {
      "Target": "Parameter",
      "Id": "ParamAngleY",
      "Segments": [
        0,
        -3.2252919673919678,
        0,
        0.2,
        -3.2252919673919678,
        0,
        0.23333333333333334,
        -3.223442316055298,
        0,
        0.26666666666666666,
        -3.2173192501068115,
        0,
        0.30000000000000004,
        -3.2081291675567627,
        0,
        0.33333333333333337,
        -3.2026541233062744,
        0,
        0.3666666666666667,
        -3.2017974853515625,
        0,
        0.4,
        -3.2126457691192627,
        0,
        0.43333333333333335,
        -3.2458078861236572,
        0,
        0.4666666666666667,
        -3.275514602661133,
        0,
        0.5,
        -3.3069000244140625,
        0,
        0.5333333333333333,
        -3.326749086380005,
        0,
        0.5666666666666667,
        -3.330397844314575,
        0,
        0.6000000000000001,
        -3.3160877227783203,
        0,
        0.6333333333333333,
        -3.2430808544158936,
        0,
        0.6666666666666667,
        -3.1112749576568604,
        0,
        0.7,
        -2.7795097827911377,
        0,
        0.7333333333333334,
        -2.3274149894714355,
        0,
        0.7666666666666666,
        -1.6099892854690552,
        0,
        0.8,
        -0.807622492313385,
        0,
        0.8333333333333333,
        -0.3976385295391083,
        0,
        0.8666666666666667,
        0.38223519921302795,
        0,
        0.8999999999999999,
        0.9443253874778748,
        0,
        0.9333333333333333,
        1.3720707893371582,
        0,
        0.9666666666666668,
        1.9989312887191772,
        0,
        1,
        2.45405650138855,
        0,
        1.0333333333333334,
        2.956454038619995,
        0,
        1.0666666666666667,
        3.409945249557495,
        0,
        1.1,
        3.5985729694366455,
        0,
        1.1333333333333333,
        4.061654567718506,
        0,
        1.1666666666666667,
        4.289429664611816,
        0,
        1.2,
        4.474532127380371,
        0,
        1.2333333333333334,
        4.602941989898682,
        0,
        1.2666666666666666,
        4.628293037414551,
        0,
        1.3,
        4.6166582107543945,
        0,
        1.3333333333333333,
        4.5403289794921875,
        0,
        1.3666666666666667,
        4.4077630043029785,
        0,
        1.4,
        3.9893295764923096,
        0,
        1.4333333333333333,
        3.632152795791626,
        0,
        1.4666666666666666,
        3.2183849811553955,
        0,
        1.5,
        2.9866368770599365,
        0,
        1.5333333333333332,
        2.2906100749969482,
        0,
        1.5666666666666667,
        2.0549938678741455,
        0,
        1.5999999999999999,
        1.5611017942428589,
        0,
        1.6333333333333333,
        0.8754317164421082,
        0,
        1.6666666666666665,
        0.45268896222114563,
        0,
        1.7,
        0.049616921693086624,
        0,
        1.7333333333333334,
        -0.12331467866897583,
        0,
        1.7666666666666666,
        -0.4260821044445038,
        0,
        1.8,
        -0.6861085891723633,
        0,
        1.8333333333333333,
        -0.9123709201812744,
        0,
        1.8666666666666667,
        -1.2150808572769165,
        0,
        1.9,
        -1.4047670364379883,
        0,
        1.9333333333333333,
        -1.587777018547058,
        0,
        1.9666666666666666,
        -1.765829086303711,
        0,
        2,
        -1.847464680671692,
        0,
        2.033333333333333,
        -1.9951671361923218,
        0,
        2.066666666666667,
        -2.1221253871917725,
        0,
        2.1,
        -2.2240233421325684,
        0,
        2.1333333333333333,
        -2.3336403369903564,
        0,
        2.1666666666666665,
        -2.377556562423706,
        0,
        2.2,
        -2.402599334716797,
        0,
        2.2333333333333334,
        -2.4677257537841797,
        0,
        2.266666666666667,
        -2.542830228805542,
        0,
        2.3000000000000003,
        -2.600053071975708,
        0,
        2.3333333333333335,
        -2.665374994277954,
        0,
        2.3666666666666667,
        -2.7055864334106445,
        0,
        2.4000000000000004,
        -2.7055864334106445,
        0,
        2.6,
        -2.7055864334106445
      ]
    },
    {
      "Target": "Parameter",
      "Id": "ParamEyeLOpen",